country,code,year,exportacao de materias primas_agricolas,importacao de materias primas_agricolas,porcentagem da populacao rural,gastos com educacao ajustados,porcentagem da populacao com acesso a agua potavel,porcentagem da populacao com acesso a saneamento basico,porcentagem da populacao feminina,populacao_total,indice de gini,porcentagem da populacao vivendo com menos de 50% da renda mediana,continent
South Sudan,SSD,2018,,,80.385,1.7627250334384,40.981506,14.45063554,49.9563043621658,10975924.0,,,Africa
Sweden,SWE,2018,3.91914723705363,1.30071401386854,12.569,7.13059532798427,99.82620051,99.28848273,49.9457761669857,10175214.0,30.0,10.8,Europe
Canada,CAN,2018,4.49836039972621,0.844354705339755,18.589,4.93,99.22363119,99.08828896,50.3915299543153,37065178.0,,,North America
Kiribati,KIR,2018,,,45.943,6.1,76.36123063,44.81107834,50.8485696034254,115842.0,,,Oceania
South Korea,KOR,2018,0.948202981647715,1.36663501982733,18.541,4.63873508046876,99.74793655,99.94703154,49.9168817920843,51606633.0,,,Asia
"Macedonia, Republic of",MKD,2018,0.438739836126919,0.796948523709629,42.037,3.2684286969097,97.63263069,97.23607252,49.9664659424078,2082957.0,33.0,17.4,Europe
Malawi,MWI,2018,1.33919509731051,2.4732829515586,83.063,4.62239937584421,68.50613036,25.9966614,50.7015156905763,18143215.0,,,Africa
Trinidad and Tobago,TTO,2018,,,46.816,2.87,98.87517077,93.91521101,50.591326633766,1389841.0,,,North America
South Africa,ZAF,2018,2.3224445478998,1.01326772533598,33.645,6.04534376205142,93.10863459,76.68318836,50.6941503848595,57792520.0,,,Africa
Bosnia and Herzegovina,BIH,2018,5.2647751193804,1.15228794825258,51.755,,96.13317676,95.38506184,51.0105360252881,3323929.0,,,Europe
Indonesia,IDN,2018,5.09433375837987,2.88939244712523,44.675,3.26727736964161,90.88029952,81.2661059,49.6438821889217,267670549.0,37.8,,Asia
Slovenia,SVN,2018,1.93015467096011,2.50341578744957,45.459,4.53585929957264,99.5,98.08099205,50.2452070327013,2073894.0,24.6,5.3,Europe
Samoa,WSM,2018,0.226798352020621,2.69184495454186,81.757,4.24,91.83885866,96.75969164,48.2562408223201,196128.0,,,Oceania
Kuwait,KWT,2018,0.0466209960162232,0.50475932143634,0.0,3.19,100.0,100.0,39.5481706247096,4137314.0,,,Asia
Seychelles,SYC,2018,0.0020302070595744,0.95965458102403,43.309,4.53711062755462,96.2508915,100.0,48.6549117350197,96762.0,32.1,14.3,Africa
Malaysia,MYS,2018,1.69191106235624,1.76045058437326,23.964,4.3216664404343,97.08077154,99.57900442,48.5785205819849,31528033.0,,,Asia
"Bahamas, The",BHS,2018,0.586012491027111,1.80144404299758,16.975,3.8356,98.8869605,94.93058233,51.4250521866532,385635.0,,,North America
Japan,JPN,2018,0.682840306838562,1.62976094135692,8.384,2.72828226892087,99.03988571,99.93018785,51.1592591291078,126529100.0,,,Asia
Greece,GRC,2018,1.52778018630932,0.864155243503712,20.942,3.1,100.0000023,98.98675045,50.916201905221,10732882.0,32.9,13.8,Europe
Sierra Leone,SLE,2018,9.4328913027291,1.64713128081492,57.945,2.71351434082158,61.40860038,15.86048135,50.1212721477712,7650149.0,35.7,7.5,Africa
"Gambia, The",GMB,2018,0.246748535987422,0.579209620148194,38.73,2.66,80.25284714,46.61215733,50.4021328963919,2280092.0,,,Africa
Philippines,PHL,2018,0.941254944822009,0.663464434210372,53.093,1.84,93.27349616,79.43866535,49.7416573851815,106651394.0,42.3,13.0,Asia
Benin,BEN,2018,56.5932263832395,1.01386198971528,52.688,2.93313927876377,65.17792394,16.07343638,50.098201703347,11485035.0,,,Africa
Somalia,SOM,2018,,,55.029,0.991144636141377,53.3865147,37.16507321,50.1333502129666,15008225.0,,,Africa
Bermuda,BMU,2018,0.0084015550514622,0.651455072086472,0.0,1.6155989572169,99.90314002,99.90314002,,63919.0,,,North America
Romania,ROU,2018,1.11395663355088,1.72335886561317,46.002,2.81,100.0,85.43642436,51.343743063071,19473970.0,35.8,18.1,Europe
Vanuatu,VUT,2018,,,74.726,4.53578814296847,91.20332244,52.66691625,49.2888015717092,292675.0,,,Oceania
Bangladesh,BGD,2018,,,63.368,1.01505910414579,97.47252486,51.21970677,49.3872966665271,161376713.0,,,Asia
Iran,IRN,2018,0.344377751163288,3.09007727171606,25.102,3.74186348432332,97.22317738,89.86408356,49.4391297606055,81800204.0,42.0,14.8,Asia
Albania,ALB,2018,0.325400218339366,0.682219683175245,39.681,3.30333022302158,94.43639147,98.97364391,49.0630945959306,2866376.0,,,Europe
Portugal,PRT,2018,2.29048086550358,1.78969953978293,34.789,4.94546749307114,99.90912281,99.60731412,52.7119617105452,10283822.0,33.5,11.5,Europe
United States of America,USA,2018,2.23298347744278,0.930461489913499,17.744,4.39647505984024,99.71312112,99.71277377,50.5200146539124,326838199.0,41.4,18.2,North America
Lebanon,LBN,2018,0.331011569686932,1.11118404816069,11.407,2.1,92.29360669,97.87058253,49.705805515578,6859408.0,,,Asia
Netherlands,NLD,2018,2.79961151992436,1.65960730540029,8.51000000000001,4.57553973366013,100.0,97.70362132,50.2209435647813,17231624.0,28.1,8.1,Europe
Libya,LBY,2018,0.0482796646340682,0.341812620087084,19.898,2.1374382,99.8915238,92.10600221,49.4837888079251,6678565.0,,,Africa
Puerto Rico,PRI,2018,,,6.422,8.62496710627586,99.86789058,100.0,52.4500937294998,3193354.0,,,North America
Russia,RUS,2018,2.21834957612455,1.01192635787822,25.567,4.41883713156303,96.8056269,88.86099167,53.6617623581325,144477859.0,37.5,10.8,Europe
Gabon,GAB,2018,,,10.63,3.06,84.87081169,49.49442952,49.0686201649149,2119275.0,,,Africa
Luxembourg,LUX,2018,1.52209161457063,2.03488662167366,9.01900000000001,5.0423430370069,99.87330453,97.59732717,49.5392589748512,607950.0,35.4,14.3,Europe
St. Vincent and the Grenadines,VCT,2018,0.0946669787542899,1.68693899268584,47.802,5.17857233696614,95.1452199,87.1843449,49.2087832320116,110210.0,,,North America
Ireland,IRL,2018,0.359695631974321,0.50889786987451,36.83,4.18751783574594,97.40528536,91.36120557,50.4255094845201,4867316.0,,,Europe
Northern Mariana Islands,MNP,2018,,,8.38200000000001,,100.0,79.11631606,,56889.0,,,Oceania
New Caledonia,NCL,2018,,,29.317,0.53888079544,98.83861574,100.0,49.6610544812955,270650.0,,,Oceania
Austria,AUT,2018,1.6239173347422,1.95180632622951,41.703,5.0466845118099,100.0,99.97281495,50.8294266482503,8840521.0,30.8,10.2,Europe
Panama,PAN,2018,,,32.291,2.8,93.87808825,82.19061536,49.9053836510993,4176868.0,49.2,22.3,North America
Central African Republic,CAF,2018,29.424585662513,0.967012785190928,58.636,1.15,39.22754832,14.84783556,50.4364737081782,4666375.0,,,Africa
Chad,TCD,2018,,,76.941,1.76559848210136,45.46056009,11.58993917,50.0848994170785,15477727.0,,,Africa
Bahrain,BHR,2018,0.0612341421312377,0.634823567628237,10.713,2.91,100.0,100.0,36.3482516056683,1569440.0,,,Asia
Sint Maarten (Dutch part),SXM,2018,,,0.0,,,,,40654.0,,,North America
Grenada,GRD,2018,,,63.728,3.75,,,49.6074437635152,111449.0,,,North America
Guinea,GIN,2018,,,63.86,2.06390351934293,63.87264074,27.22968107,51.8211107004733,12414292.0,,,Africa
Monaco,MCO,2018,,,0.0,1.03,100.0,100.0,,38682.0,,,Europe
Kyrgyzstan,KGZ,2018,2.3364556989672,0.486955537542908,63.649,5.38882201101859,90.1601763,97.66372821,50.5248630835062,6322800.0,27.7,3.8,Asia
Norway,NOR,2018,0.719621013260165,1.22829896762011,17.752,6.59286515608484,99.99999657,98.05325263,49.5246311324926,5311916.0,27.6,8.0,Europe
Zimbabwe,ZWE,2018,3.22329793257893,0.503378994823055,67.791,1.91,63.53877337,36.35716003,52.3567520651976,14438812.0,,,Africa
Peru,PER,2018,0.971697043100099,1.35059396072274,22.093,3.25681030469029,92.00718508,77.18766036,50.3377554939133,31989265.0,42.4,19.3,South America
Cayman Islands,CYM,2018,,,0.0,,,,,64172.0,,,North America
Andorra,AND,2018,1.52025269175146,0.394202734695109,11.938,2.44,100.0000012,100.0000012,,77008.0,,,Europe
Burundi,BDI,2018,0.0587901496787668,1.71489869972457,86.968,5.17552163934371,61.46062113,45.78603939,50.4219946366025,11175379.0,,,Africa
Sri Lanka,LKA,2018,,,81.524,1.63003760410815,92.20617472,93.6556322,51.9668176568014,21670000.0,,,Asia
Ghana,GHA,2018,1.38140975954719,1.17034895143237,43.94,4.24426216944218,83.53055643,21.82532757,49.3258297043838,29767108.0,,,Africa
Morocco,MAR,2018,0.715656548372016,1.60507545343809,37.547,5.2,87.7897571,85.40346662,50.4038472912818,36029089.0,,,Africa
Turkey,TUR,2018,0.439495541066185,2.55609032473337,24.857,3.79819811778181,96.72060939,98.14568658,50.6778132013215,82340090.0,41.9,15.6,Asia
Guatemala,GTM,2018,3.0070773604907,1.64644211836542,48.946,2.96336615593555,93.24001364,67.44372128,50.7593494959228,16346950.0,,,North America
Paraguay,PRY,2018,1.52306711290849,0.720031897311484,38.415,3.36084130345832,99.58883562,90.73172627,49.1516113483061,6956069.0,46.0,18.3,South America
Cambodia,KHM,2018,2.20747904890469,2.39399255151935,76.612,2.00417580798867,70.25363342,62.45973544,51.1979812668406,16249795.0,,,Asia
Guam,GUM,2018,,,5.22,8.3161306,99.6952,,49.4944803040357,165770.0,,,Oceania
Senegal,SEN,2018,1.82891583353526,1.50119560460645,52.808,4.98872583907461,82.39466139,54.90449848,51.2773297682071,15854324.0,,,Africa
Antigua and Barbuda,ATG,2018,0.0,2.28209708096996,75.401,2.25,,,51.7884962921418,96282.0,,,North America
Sao Tome and Principe,STP,2018,0.0519222569271455,1.12305555704272,27.197,3.48,78.18506249,44.80527366,49.9635126426324,211032.0,,,Africa
Angola,AGO,2018,0.345211120231254,0.996677570363818,34.486,3.57,56.59174872,51.12074396,50.5304629337424,30809787.0,51.3,22.8,Africa
Jordan,JOR,2018,0.327925988062266,1.09617379395308,9.021,2.72953983500977,98.96747344,97.23952649,49.389683544596,9965322.0,,,Asia
Belize,BLZ,2018,1.33067354554213,1.55024454767895,54.276,6.39,98.39929451,88.18441736,50.1925230570834,383071.0,,,North America
Iceland,ISL,2018,0.689314241327476,0.995941201846655,6.187,7.46709678475814,99.99999943,98.78164877,49.8117085224168,352721.0,,,Europe
Madagascar,MDG,2018,1.98241551761767,2.86422719272858,62.809,2.08,51.58697984,11.52874444,50.1239666132987,26262313.0,,,Africa
Tonga,TON,2018,,,76.869,2.93,98.65836339,93.0929125,49.9869184778922,103199.0,,,Oceania
Egypt,EGY,2018,1.67449203267413,2.65541970200711,57.296,4.4111256,99.32633211,96.71394067,49.4699716435901,98423602.0,,,Africa
Cuba,CUB,2018,,,22.963,13.01,96.54950123,90.93165485,50.3328498327681,11338146.0,,,North America
CÃ´te d'Ivoire,CIV,2018,9.48366194162674,0.608491592899418,49.221,3.20227235142146,70.97608502,33.05107549,49.5191195771262,25069226.0,,,Africa
Vietnam,VNM,2018,1.83618700911186,3.05995400217051,64.081,4.61226021476106,95.51497454,86.02534939,50.0964096241893,95545959.0,35.7,14.0,Asia
Liberia,LBR,2018,,,48.849,3.66,74.28973966,17.6760717,49.7682910228231,4818976.0,,,Africa
Venezuela,VEN,2018,,,11.792,6.54,94.03999043,95.39624796,50.6332598022849,28887117.0,,,South America
Faroe Islands,FRO,2018,,,57.936,,100.0,,,48497.0,,,Europe
Marshall Islands,MHL,2018,,,22.969,6.51,88.56056406,83.81543267,,58412.0,,,Oceania
"Tanzania, United Republic of",TZA,2018,1.24805856192073,1.37154052778507,66.224,3.73,58.52723439,30.10877427,50.0510109095796,56313444.0,,,Africa
United Kingdom of Great Britain and Northern Ireland,GBR,2018,0.488454457094834,1.28073782665446,16.602,5.37965756263478,100.0000015,99.10917758,50.6352745607579,66460344.0,,,Europe
Guinea-Bissau,GNB,2018,,,56.64,1.16,58.95852593,16.69198488,51.1688071945639,1874304.0,,,Africa
Mozambique,MOZ,2018,0.555257018331934,1.45458408016918,64.012,5.38,58.40613698,33.98682894,51.4751911012775,29496009.0,,,Africa
Liechtenstein,LIE,2018,,,85.662,3.06221621456356,100.0,99.95,,37918.0,,,Europe
Oman,OMN,2018,0.0211759670073373,0.441804076013443,15.461,6.49726909438033,91.52309333,99.31980768,34.0140835154787,4829476.0,,,Asia
Denmark,DNK,2018,2.72644775264656,2.61513566314112,12.126,7.28187548507932,99.99999788,99.59722729,50.2742027259115,5793636.0,28.2,6.6,Europe
Italy,ITA,2018,0.700482666958069,1.9788865600598,29.562,3.94111698315743,99.91703407,99.88528149,51.3766696255652,60421760.0,,,Europe
Zambia,ZMB,2018,0.926544950851225,0.516698082660802,56.479,3.56386353320658,63.80411115,31.05240715,50.49320776034,17351714.0,,,Africa
Dominican Republic,DOM,2018,0.56088099458273,1.33597938785475,18.926,2.51925224689344,96.54280852,86.26797816,50.007796071702,10627147.0,43.7,14.2,North America
Malta,MLT,2018,0.0945190562921562,0.23988668200244,5.38800000000001,4.82033996599081,99.99999913,99.96451963,49.8733082150459,484630.0,28.7,9.7,Europe
San Marino,SMR,2018,,,2.774,3.55096,100.0,100.0,,33784.0,,,Europe
Dominica,DMA,2018,,,29.517,5.0,,,,71626.0,,,North America
Israel,ISR,2018,0.642550564875251,1.00649077204135,7.58199999999999,5.52532047626877,99.99999709,99.95829607,50.2981265779531,8882800.0,,,Asia
St. Martin (French part),MAF,2018,,,,,99.99939709,100.0,,37264.0,,,North America
Virgin Islands (U.S.),VIR,2018,,,4.279,9.3561772,98.71826738,99.37127753,52.437136961174,107001.0,,,North America
American Samoa,ASM,2018,,,12.847,11.760709,99.77377166,54.45476038,,55461.0,,,Oceania
France,FRA,2018,0.918611277343454,1.15787284045198,19.556,4.92415512975901,100.0,98.64921248,51.5842404811336,67101930.0,32.4,10.0,Europe
Greenland,GRL,2018,0.0089575968035218,0.474158484639806,13.184,,100.0000034,99.59723705,,56023.0,,,North America
New Zealand,NZL,2018,12.7299139784599,0.807601092778102,13.462,7.37,99.99999614,99.99999614,50.8377693974718,4900600.0,,,Oceania
Niger,NER,2018,0.601358650354036,0.683381054065143,83.575,2.43122719898823,46.41606758,13.86985027,49.7710025976669,22442831.0,,,Africa
Solomon Islands,SLB,2018,73.2897332230375,0.690509678810319,76.251,9.94,67.00625416,34.22832548,49.1546374698249,652856.0,,,Oceania
Czech Republic,CZE,2018,1.28981447584482,1.15297955150972,26.208,3.72724973131935,99.8803606,99.13391769,50.8085889327815,10629928.0,25.0,4.9,Europe
Sudan,SDN,2018,,,65.358,2.18,60.32302546,36.67269614,50.047414530166,41801532.0,,,Africa
Bolivia,BOL,2018,,,30.575,6.08,92.25507792,62.06257966,49.7833991301085,11353140.0,42.6,20.1,South America
Bhutan,BTN,2018,,,59.105,7.03071577667345,97.25944181,73.94374505,47.0026352207594,754396.0,,,Asia
Thailand,THA,2018,4.04296712217931,1.55036763519238,50.051,4.18688413222817,99.84851617,98.12521791,51.2687046149695,69428454.0,36.4,11.3,Asia
Mauritius,MUS,2018,1.05334833461476,2.12845892749171,59.207,4.77,99.86628593,,50.5771064028586,1265303.0,,,Africa
Colombia,COL,2018,3.77463102621675,0.962266920425026,19.222,4.0003392879998,97.13676529,91.82623874,50.9257716952294,49661056.0,50.4,20.4,South America
Ethiopia,ETH,2018,1.96762681388132,0.481758513766103,79.237,3.07445529645457,46.63848073,8.350931686,49.9788884188067,109224410.0,,,Africa
Nepal,NPL,2018,,,80.26,3.24498066493165,89.1916007,69.2078923,54.5353433292596,28095712.0,,,Asia
Togo,TGO,2018,9.54268748711858,1.60150445693406,58.298,4.78905382578695,67.1947934,17.87316737,50.2680472221465,7889095.0,,,Africa
Botswana,BWA,2018,0.0813823924357468,0.823874389624793,30.554,9.48,91.24445539,78.5138996,51.7307604432344,2254067.0,,,Africa
Cameroon,CMR,2018,,,43.626,2.68,65.04524303,43.80832359,50.0034878287467,25216261.0,,,Africa
Singapore,SGP,2018,0.581057699380546,0.395533852665026,0.0,2.76,100.0,100.0,47.6581254061005,5638676.0,,,Asia
Slovakia,SVK,2018,0.872419980552916,1.03976304900847,46.274,3.79418686843772,99.78783283,97.53177272,51.3383325230785,5446771.0,25.0,9.3,Europe
Honduras,HND,2018,1.17927769514568,1.24190786075747,42.904,6.33,94.73526399,81.89836471,50.0493401684669,9587523.0,48.9,24.5,North America
Maldives,MDV,2018,0.0124119894931634,2.55480534238615,60.192,4.42773953709704,99.49723106,97.20885225,37.2649814622342,515704.0,,,Asia
Mexico,MEX,2018,0.215618458146891,0.986190964160267,19.844,4.5312029350149,99.26913243,91.04184497,51.0892808319391,126190782.0,45.4,15.3,North America
Cyprus,CYP,2018,0.731291444098624,0.455511066341071,33.19,5.50433818644107,99.76518389,99.39585892,49.9710744983023,1189262.0,32.7,7.5,Asia
Georgia,GEO,2018,0.910492071395453,0.850618917657949,41.368,1.76,97.09507948,86.08750022,52.2912375035786,3726549.0,36.4,14.6,Asia
India,IND,2018,1.56952578084058,1.70444378510896,65.97,3.08,89.56293708,65.40956223,48.0235396426684,1352642283.0,,,Asia
Uzbekistan,UZB,2018,3.25939527137582,2.88687461170149,49.522,9.3747642,97.83094172,99.99999699,50.137358915283,32956100.0,,,Asia
Costa Rica,CRI,2018,1.89231398586973,1.12371978878535,20.66,7.19250585868468,99.78441783,97.58654255,50.0098510974123,4999443.0,48.0,19.3,North America
Curacao,CUW,2018,,,10.855,5.01811787683945,,,54.0954698223689,159336.0,,,South America
Lithuania,LTU,2018,3.11194922672763,2.50114541006647,32.321,3.73969573361986,97.99053454,93.89547291,53.7919586473278,2801543.0,35.7,13.2,Europe
Papua New Guinea,PNG,2018,,,86.831,6.9,43.79194871,19.0774038,48.9627278731314,8606324.0,,,Oceania
Nigeria,NGA,2018,0.133973746257819,0.791532283798008,49.656,0.85,74.07084579,40.91261014,49.3361135462707,195874685.0,35.1,13.2,Africa
Estonia,EST,2018,0.004692489693786,2.74989527075811,31.12,4.63476091267985,99.5725742,99.14296842,52.8584268202066,1321977.0,30.3,9.9,Europe
Ukraine,UKR,2018,2.02343430219495,1.06451995806565,30.648,4.88300724584099,93.85588486,97.74059161,53.687750696908,44622518.0,26.1,5.0,Europe
Djibouti,DJI,2018,,,22.223,7.80288270792758,75.9368505,65.33030773,47.3667854457553,958923.0,,,Africa
Spain,ESP,2018,1.0415972982904,1.09017569731158,19.679,3.99075859152552,99.92606067,99.90394689,50.8966413132559,46797754.0,34.7,15.7,Europe
Finland,FIN,2018,7.85993526805392,2.19600194556532,14.618,5.79774172413366,99.99999668,99.44792736,50.7207584853832,5515525.0,27.3,6.8,Europe
Brazil,BRA,2018,5.25476777567104,1.14941983081235,13.431,6.28341577454804,98.67949474,88.49054496,50.8299167629894,209469320.0,53.9,23.6,South America
Germany,DEU,2018,0.748763235803009,1.30445032831117,22.688,4.47119524641202,99.99999765,99.2251891,50.6603673700529,82905782.0,,,Europe
Mauritania,MRT,2018,0.0317547850661654,0.358490124421847,46.328,2.93,71.02984883,48.90936787,49.8226562187735,4403312.0,,,Africa
Switzerland,CHE,2018,0.157442567689716,0.554717573472358,26.203,4.55313092064646,100.0,99.89987362,50.4271246622237,8514329.0,33.1,11.2,Europe
Tuvalu,TUV,2018,,,37.613,,100.0,83.74384221,,11505.0,,,Oceania
British Virgin Islands,VGB,2018,,,52.277,,99.86438356,,,29795.0,,,North America
Rwanda,RWA,2018,1.09353495821902,0.8078434168269,82.789,3.04731088557594,59.55451065,67.72336771,50.8610613471713,12301969.0,,,Africa
Congo,COG,2018,2.21964362249671,0.619999130826226,33.084,2.52,73.40681542,20.26857109,50.0656037730416,5244363.0,,,Africa
Pakistan,PAK,2018,0.953789253837377,4.35926094358876,63.334,2.02734916362365,89.8748303,64.75166491,48.5380747169765,212228288.0,31.6,4.4,Asia
Saudi Arabia,SAU,2018,0.118641205581931,0.735120494591069,16.156,7.1861867,100.0,100.0,42.445847976176,33702757.0,,,Asia
Eritrea,ERI,2018,,,,1.72,,,,,,,Africa
Myanmar,MMR,2018,,,69.421,1.60359519022477,79.60337231,72.69104449,51.8078968699039,53708318.0,,,Asia
Turks and Caicos Islands,TCA,2018,,,6.902,2.43486903297754,94.31818182,87.98863636,,37667.0,,,North America
Poland,POL,2018,1.31508229997336,1.60356936098348,39.942,4.44622148394068,99.81493413,99.99796232,51.5307073794516,37974750.0,30.2,9.5,Europe
Equatorial Guinea,GNQ,2018,,,27.857,1.0,,,44.4558529404125,1308966.0,,,Africa
Tajikistan,TJK,2018,,,72.866,3.76787869735869,80.41158991,96.42603249,49.5838354386136,9100847.0,,,Asia
Hungary,HUN,2018,0.621371025894595,1.12925130489478,28.649,4.3782943722657,100.0,97.98852121,52.4324280334941,9775564.0,29.6,10.9,Europe
"Yemen, Rep.",YEM,2018,,0.463617294148411,63.358,3.6,58.75449134,53.12701573,49.6116574930849,28498683.0,,,Asia
Cabo Verde,CPV,2018,,1.75483422474507,34.268,5.20376466054591,87.64702962,75.81517832,49.8190391419807,543764.0,,,Africa
Guyana,GUY,2018,1.71826125841509,0.325350531575695,73.394,2.92,95.54387996,85.76842506,49.8080248316125,779007.0,,,South America
Ecuador,ECU,2018,4.71946962540111,0.89519936015521,36.179,3.93,94.66226374,89.66716322,49.9706251782698,17084359.0,45.4,19.3,South America
Bulgaria,BGR,2018,1.30416633951191,1.27478545101065,24.992,4.00782527589032,99.08322437,86.01421235,51.4140884138516,7025037.0,41.3,14.1,Europe
Kenya,KEN,2018,13.3078084002241,1.65922076717995,72.97,4.94026856634659,60.27174819,32.54954127,50.3160203897178,51392570.0,,,Africa
Lesotho,LSO,2018,,,71.847,5.94339453486071,71.500762,46.51559351,50.7168954341523,2108327.0,,,Africa
Iraq,IRQ,2018,,,29.527,4.6,96.90240492,98.48447542,49.4086815277589,38433604.0,,,Asia
Burkina Faso,BFA,2018,9.82856411870167,0.40509700282537,70.642,4.31,48.36939374,20.99241949,50.0954815202072,19751466.0,,,Africa
Haiti,HTI,2018,,,44.722,1.461652,65.89944466,35.81744586,50.652209893517,11123183.0,,,North America
Tunisia,TUN,2018,0.456056948908178,1.77249210978428,31.055,5.9,96.51537319,95.31562708,50.4371518597642,11565203.0,,,Africa
Namibia,NAM,2018,1.13598075797979,0.486698706006899,49.968,2.88981122644904,83.61552518,34.67974848,51.5536903157293,2448300.0,,,Africa
Turkmenistan,TKM,2018,,,48.407,2.32,99.34508272,98.59667755,50.7607374042498,5850902.0,,,Asia
Moldova,MDA,2018,0.642647895396218,1.42582623912433,57.371,4.58580046771877,89.76460943,77.62450601,52.035563123928,2708214.0,25.7,3.8,Europe
Fiji,FJI,2018,9.15053089770964,0.432042442707227,43.752,3.95506624794853,94.25716533,98.79865447,49.3005014205028,883490.0,,,Oceania
Kosovo,XKX,2018,,,,,,,,1797085.0,,,Europe
Armenia,ARM,2018,0.448222733889516,0.987520996042251,36.851,2.2905952455888,99.95192387,93.68810568,52.9565771522637,2951741.0,34.4,7.8,Asia
Azerbaijan,AZE,2018,0.440598160472218,1.71808106048409,44.32,2.55587542597012,94.69388812,96.12652151,50.1157491047071,9939771.0,,,Asia
Aruba,ABW,2018,0.0759474216156399,0.310804561151118,56.589,5.78798338143624,,,52.5310356555751,105846.0,,,North America
United Arab Emirates,ARE,2018,0.0993361903990193,0.498236708355045,13.478,,99.97133,99.01080849,30.6366879500976,9630966.0,26.0,9.1,Asia
Nauru,NRU,2018,,,0.0,,100.0,,,10678.0,,,Oceania
Argentina,ARG,2018,0.99786070605979,0.891536697840004,8.13,4.99359832798671,,,51.2373484456557,44494502.0,41.3,20.3,South America
French Polynesia,PYF,2018,,,38.166,0.499851816078,100.0,97.06121635,49.3245652260033,277673.0,,,Oceania
St. Lucia,LCA,2018,0.244766927904796,1.39394385657458,81.322,3.32612774191281,96.8872019,83.375995,50.7504535708395,181890.0,,,North America
Belgium,BEL,2018,1.29597023913315,1.18298906078104,1.999,6.0281574262708,99.99999814,99.48614999,50.593319387085,11427054.0,27.2,9.6,Europe
Kazakhstan,KAZ,2018,0.260070571611458,0.637813871558602,42.572,2.84719034379269,95.42023857,97.87189539,51.5114836468188,18276452.0,27.8,3.8,Asia
Mongolia,MNG,2018,5.3262984229895,0.355062739204964,31.555,4.33571585533972,83.58826903,65.42635694,50.6695447058148,3170214.0,32.7,9.9,Asia
Laos,LAO,2018,8.37712219613895,1.12061652982979,64.996,2.61316360849818,83.28588532,77.20711375,49.7893648061644,7061498.0,38.8,10.3,Asia
Palau,PLW,2018,0.15041339032965,1.69550940220789,20.07,,99.65884587,99.61449459,,17911.0,,,Oceania
Qatar,QAT,2018,0.0101447734281067,0.478750769452215,0.864999999999995,2.2916909311443,99.56810194,100.0,24.4952873836765,2781682.0,,,Asia
Barbados,BRB,2018,0.171049725055224,1.00838210974449,68.853,4.36856980964508,98.504449,97.2834998,51.6728300307005,286640.0,,,North America
Isle of Man,IMN,2018,,,47.412,,99.075,,,84073.0,,,Europe
Uruguay,URY,2018,17.5101713640043,1.76777020515306,4.666,5.22476736479713,99.47859894,97.48035591,51.7215426942936,3449290.0,39.7,16.9,South America
Montenegro,MNE,2018,7.30701910975212,0.498862789972462,33.187,,98.50629579,97.21424466,50.5590129387722,622227.0,,,Europe
Comoros,COM,2018,0.0004673902170164,0.788322153317306,71.035,2.53484580885432,80.187987,35.88046261,49.5587044437129,832322.0,,,Africa
Jamaica,JAM,2018,0.160859217984969,1.1056181800463,44.326,5.51940738715016,90.85157578,86.49974124,50.3398296269012,2934853.0,,,North America
Croatia,HRV,2018,4.5389334238195,1.22440129405369,43.053,3.80870617338467,,96.54691297,51.8526217475815,4087843.0,29.7,11.5,Europe
Belarus,BLR,2018,2.82626313130502,1.96441154585272,21.405,4.70387694754618,96.51168256,97.8656717,53.4560542241486,9483499.0,25.2,5.2,Europe
"Congo, Dem. Rep.",COD,2018,,,55.54,2.06,44.64476808,16.16946438,50.0977433863968,84068092.0,,,Africa
Gibraltar,GIB,2018,,,0.0,,100.0,100.0,,33715.0,,,Europe
Serbia,SRB,2018,,,43.908,3.65677613207764,94.53003261,97.89639382,51.002522964154,6982604.0,,,Europe
Chile,CHL,2018,7.72443878890919,0.626879368354469,12.436,5.28615918597897,99.99999739,99.99999739,50.7270318390045,18729166.0,,,South America
China,CHN,2018,0.418352625994981,3.57402709222881,40.848,1.79,93.33588436,89.29564155,48.6793739572695,1392730000.0,,,Asia
Mali,MLI,2018,,,57.644,3.79838134419349,79.30885105,42.04244608,49.940996726292,19077755.0,,,Africa
Algeria,DZA,2018,,,27.371,4.4671956,94.03741308,86.30309248,49.4842678798151,42228415.0,,,Africa
El Salvador,SLV,2018,0.724188042261016,2.10407600676365,27.977,3.55861231875668,97.58628003,82.78125746,53.1140024358563,6420740.0,38.6,15.3,North America
Latvia,LVA,2018,11.8669201535945,3.01643171425972,31.858,3.91104410597573,98.67994007,92.40346031,54.0101666562093,1927174.0,35.1,11.9,Europe
Nicaragua,NIC,2018,0.760734147318954,1.0852807514031,41.478,4.1,81.52108535,72.92057175,50.7127056800849,6465502.0,,,North America
Afghanistan,AFG,2018,16.6945993604674,1.82134875942393,74.505,2.59352048920558,69.60193058,47.39066209,48.6358467017121,37171922.0,,,Asia
Uganda,UGA,2018,3.69702505682473,1.85802309004625,76.226,1.72014672365161,52.61236008,19.52777728,50.7760788964281,42729032.0,,,Africa
Eswatini,SWZ,2018,5.56260932223358,1.29139464018858,76.201,7.04689166151407,69.65441173,63.40990744,51.1489306276479,1136274.0,,,Africa
Australia,AUS,2018,2.58928758760938,0.759294277703101,13.988,5.0220762471397,99.96989482,99.99115238,50.1996232411296,24982688.0,,,Oceania
Syria,SYR,2018,,,45.838,2.5960693,93.89346117,89.89132051,49.8142113613984,16945062.0,,,Asia
Suriname,SUR,2018,4.73825261219754,0.0854574997334787,33.94,3.4447781,97.09310684,88.54872177,49.7170943094202,575987.0,,,South America
